seed,suite,benchmark,pipeline_label,repeat_count,polybench_seconds_mean,polybench_seconds_median,polybench_seconds_std,polybench_seconds_ci95,wall_seconds_mean,wall_seconds_median
,polybench,2mm,none,1,5.743877,5.743877,0.0,0.0,5.794245978817344,5.794245978817344
,polybench,2mm,oz,1,2.306699,2.306699,0.0,0.0,2.3317795149050653,2.3317795149050653
,polybench,3mm,none,1,9.226609,9.226609,0.0,0.0,9.277587647084147,9.277587647084147
,polybench,3mm,oz,1,3.036075,3.036075,0.0,0.0,3.060024468926713,3.060024468926713
,polybench,cholesky,none,1,4.185455,4.185455,0.0,0.0,26.014056948013604,26.014056948013604
,polybench,cholesky,oz,1,4.122196,4.122196,0.0,0.0,19.88660238101147,19.88660238101147
,polybench,correlation,none,1,4.482701,4.482701,0.0,0.0,4.516565050929785,4.516565050929785
,polybench,correlation,oz,1,5.463257,5.463257,0.0,0.0,5.47695933515206,5.47695933515206
,polybench,covariance,none,1,4.502595,4.502595,0.0,0.0,4.535816443152726,4.535816443152726
,polybench,covariance,oz,1,5.48749,5.48749,0.0,0.0,5.500121847027913,5.500121847027913
,polybench,heat-3d,none,1,5.423665,5.423665,0.0,0.0,5.467537516960874,5.467537516960874
,polybench,heat-3d,oz,1,3.19975,3.19975,0.0,0.0,3.2196231631096452,3.2196231631096452
,polybench,jacobi-2d,none,1,4.237018,4.237018,0.0,0.0,4.276993992971256,4.276993992971256
,polybench,jacobi-2d,oz,1,1.84059,1.84059,0.0,0.0,1.8625451070256531,1.8625451070256531
,polybench,lu,none,1,9.468531,9.468531,0.0,0.0,31.44940204708837,31.44940204708837
,polybench,lu,oz,1,9.037053,9.037053,0.0,0.0,24.2500571787823,24.2500571787823
,polybench,nussinov,none,1,9.309291,9.309291,0.0,0.0,9.363360789837316,9.363360789837316
,polybench,nussinov,oz,1,3.417801,3.417801,0.0,0.0,3.4392972469795495,3.4392972469795495
,polybench,symm,none,1,3.136956,3.136956,0.0,0.0,3.177846061065793,3.177846061065793
,polybench,symm,oz,1,2.003931,2.003931,0.0,0.0,2.0265990318730474,2.0265990318730474
456,polybench,2mm,universal,1,11.533495,11.533495,0.0,0.0,11.533495,11.533495
456,polybench,3mm,universal,1,15.180375,15.180375,0.0,0.0,15.180375,15.180375
456,polybench,correlation,universal,1,5.443233,5.443233,0.0,0.0,5.462550191907212,5.462550191907212
456,polybench,covariance,universal,1,5.547216,5.547216,0.0,0.0,5.5671728709712625,5.5671728709712625
456,polybench,heat-3d,universal,1,15.99875,15.99875,0.0,0.0,15.99875,15.99875
456,polybench,jacobi-2d,universal,1,9.20295,9.20295,0.0,0.0,9.20295,9.20295
456,polybench,nussinov,universal,1,3.410261,3.410261,0.0,0.0,3.4387431601062417,3.4387431601062417
457,polybench,2mm,universal,1,11.533495,11.533495,0.0,0.0,11.533495,11.533495
457,polybench,3mm,universal,1,15.180375,15.180375,0.0,0.0,15.180375,15.180375
457,polybench,cholesky,universal,1,20.610979999999998,20.610979999999998,0.0,0.0,20.610979999999998,20.610979999999998
457,polybench,correlation,universal,1,5.474362,5.474362,0.0,0.0,5.4862042758613825,5.4862042758613825
457,polybench,covariance,universal,1,27.437450000000002,27.437450000000002,0.0,0.0,27.437450000000002,27.437450000000002
457,polybench,heat-3d,universal,1,15.99875,15.99875,0.0,0.0,15.99875,15.99875
457,polybench,lu,universal,1,45.185265,45.185265,0.0,0.0,45.185265,45.185265
457,polybench,nussinov,universal,1,3.471258,3.471258,0.0,0.0,3.4900316388811916,3.4900316388811916
458,polybench,2mm,universal,1,11.533495,11.533495,0.0,0.0,11.533495,11.533495
458,polybench,3mm,universal,1,15.180375,15.180375,0.0,0.0,15.180375,15.180375
458,polybench,correlation,universal,1,5.752796,5.752796,0.0,0.0,5.77416757796891,5.77416757796891
458,polybench,covariance,universal,1,27.437450000000002,27.437450000000002,0.0,0.0,27.437450000000002,27.437450000000002
458,polybench,nussinov,universal,1,3.39062,3.39062,0.0,0.0,3.417106700828299,3.417106700828299
459,polybench,2mm,universal,1,2.305103,2.305103,0.0,0.0,2.3362530001904815,2.3362530001904815
459,polybench,3mm,universal,1,3.033017,3.033017,0.0,0.0,3.068104339996353,3.068104339996353
459,polybench,correlation,universal,1,5.643914,5.643914,0.0,0.0,5.6650212469976395,5.6650212469976395
459,polybench,covariance,universal,1,5.755523,5.755523,0.0,0.0,5.775711397174746,5.775711397174746
459,polybench,nussinov,universal,1,3.378652,3.378652,0.0,0.0,3.406342692906037,3.406342692906037
460,polybench,2mm,universal,1,11.533495,11.533495,0.0,0.0,11.533495,11.533495
460,polybench,3mm,universal,1,15.180375,15.180375,0.0,0.0,15.180375,15.180375
460,polybench,correlation,universal,1,5.803212,5.803212,0.0,0.0,5.825460962951183,5.825460962951183
460,polybench,nussinov,universal,1,3.490004,3.490004,0.0,0.0,3.516290919156745,3.516290919156745
461,polybench,2mm,universal,1,2.304016,2.304016,0.0,0.0,2.3290002970024943,2.3290002970024943
461,polybench,3mm,universal,1,3.119285,3.119285,0.0,0.0,3.148599602980539,3.148599602980539
461,polybench,cholesky,universal,1,20.610979999999998,20.610979999999998,0.0,0.0,20.610979999999998,20.610979999999998
461,polybench,correlation,universal,1,5.651711,5.651711,0.0,0.0,5.664532945957035,5.664532945957035
461,polybench,covariance,universal,1,5.751859,5.751859,0.0,0.0,5.763988689985126,5.763988689985126
461,polybench,heat-3d,universal,1,3.252853,3.252853,0.0,0.0,3.271714175818488,3.271714175818488
461,polybench,lu,universal,1,7.040124,7.040124,0.0,0.0,29.64814076712355,29.64814076712355
461,polybench,nussinov,universal,1,3.540331,3.540331,0.0,0.0,3.5621964200399816,3.5621964200399816
462,polybench,2mm,universal,1,11.533495,11.533495,0.0,0.0,11.533495,11.533495
462,polybench,3mm,universal,1,15.180375,15.180375,0.0,0.0,15.180375,15.180375
462,polybench,correlation,universal,1,5.777464,5.777464,0.0,0.0,5.798236809205264,5.798236809205264
462,polybench,heat-3d,universal,1,15.99875,15.99875,0.0,0.0,15.99875,15.99875
462,polybench,nussinov,universal,1,3.582779,3.582779,0.0,0.0,3.6092118099331856,3.6092118099331856
463,polybench,2mm,universal,1,11.533495,11.533495,0.0,0.0,11.533495,11.533495
463,polybench,3mm,universal,1,15.180375,15.180375,0.0,0.0,15.180375,15.180375
463,polybench,cholesky,universal,1,20.610979999999998,20.610979999999998,0.0,0.0,20.610979999999998,20.610979999999998
463,polybench,correlation,universal,1,27.316284999999997,27.316284999999997,0.0,0.0,27.316284999999997,27.316284999999997
463,polybench,covariance,universal,1,27.437450000000002,27.437450000000002,0.0,0.0,27.437450000000002,27.437450000000002
463,polybench,heat-3d,universal,1,15.99875,15.99875,0.0,0.0,15.99875,15.99875
463,polybench,jacobi-2d,universal,1,9.20295,9.20295,0.0,0.0,9.20295,9.20295
463,polybench,lu,universal,1,45.185265,45.185265,0.0,0.0,45.185265,45.185265
463,polybench,nussinov,universal,1,3.564212,3.564212,0.0,0.0,3.592611120082438,3.592611120082438
463,polybench,symm,universal,1,10.019655,10.019655,0.0,0.0,10.019655,10.019655
464,polybench,2mm,universal,1,11.533495,11.533495,0.0,0.0,11.533495,11.533495
464,polybench,3mm,universal,1,15.180375,15.180375,0.0,0.0,15.180375,15.180375
464,polybench,correlation,universal,1,5.455161,5.455161,0.0,0.0,5.476145199034363,5.476145199034363
464,polybench,covariance,universal,1,5.674478,5.674478,0.0,0.0,5.699034899007529,5.699034899007529
464,polybench,heat-3d,universal,1,15.99875,15.99875,0.0,0.0,15.99875,15.99875
464,polybench,jacobi-2d,universal,1,9.20295,9.20295,0.0,0.0,9.20295,9.20295
464,polybench,nussinov,universal,1,3.389975,3.389975,0.0,0.0,3.4153508748859167,3.4153508748859167
465,polybench,2mm,universal,1,1778379810.489029,1778379810.489029,0.0,0.0,2.3810787280090153,2.3810787280090153
465,polybench,3mm,universal,1,1778379959.340348,1778379959.340348,0.0,0.0,3.0675574550405145,3.0675574550405145
465,polybench,correlation,universal,1,5.154095,5.154095,0.0,0.0,5.165949257090688,5.165949257090688
465,polybench,covariance,universal,1,27.437450000000002,27.437450000000002,0.0,0.0,27.437450000000002,27.437450000000002
465,polybench,heat-3d,universal,1,1778380628.364501,1778380628.364501,0.0,0.0,3.298620262881741,3.298620262881741
465,polybench,nussinov,universal,1,3.402714,3.402714,0.0,0.0,3.419736536918208,3.419736536918208
