index,synerpair
0,"('module(attributor)', 'module(attributor)')"
1,"('module(scc-oz-module-inliner)', 'module(attributor)')"
2,"('cgscc(attributor-cgscc)', 'module(attributor)')"
3,"('function(dse)', 'module(attributor)')"
4,"('function(jump-threading)', 'module(attributor)')"
5,"('function(mem2reg)', 'module(attributor)')"
6,"('function(memcpyopt)', 'module(attributor)')"
7,"('function(newgvn)', 'module(attributor)')"
8,"('module(attributor)', 'cgscc(attributor-cgscc)')"
9,"('module(scc-oz-module-inliner)', 'cgscc(attributor-cgscc)')"
10,"('cgscc(attributor-cgscc)', 'cgscc(attributor-cgscc)')"
11,"('function(dse)', 'cgscc(attributor-cgscc)')"
12,"('function(jump-threading)', 'cgscc(attributor-cgscc)')"
13,"('function(mem2reg)', 'cgscc(attributor-cgscc)')"
14,"('function(memcpyopt)', 'cgscc(attributor-cgscc)')"
15,"('function(newgvn)', 'cgscc(attributor-cgscc)')"
16,"('module(attributor)', 'function(dse)')"
17,"('module(scc-oz-module-inliner)', 'function(dse)')"
18,"('cgscc(attributor-cgscc)', 'function(dse)')"
19,"('function(jump-threading)', 'function(dse)')"
20,"('function(mem2reg)', 'function(dse)')"
21,"('function(memcpyopt)', 'function(dse)')"
22,"('function(newgvn)', 'function(dse)')"
23,"('loop(loop-simplifycfg)', 'function(dse)')"
24,"('module(attributor)', 'function(jump-threading)')"
25,"('module(scc-oz-module-inliner)', 'function(jump-threading)')"
26,"('cgscc(attributor-cgscc)', 'function(jump-threading)')"
27,"('function(dse)', 'function(jump-threading)')"
28,"('function(mem2reg)', 'function(jump-threading)')"
29,"('function(memcpyopt)', 'function(jump-threading)')"
30,"('function(newgvn)', 'function(jump-threading)')"
31,"('module(scc-oz-module-inliner)', 'function(mem2reg)')"
32,"('function(jump-threading)', 'function(mem2reg)')"
33,"('function(newgvn)', 'function(mem2reg)')"
34,"('module(attributor)', 'function(memcpyopt)')"
35,"('module(scc-oz-module-inliner)', 'function(memcpyopt)')"
36,"('cgscc(attributor-cgscc)', 'function(memcpyopt)')"
37,"('function(dse)', 'function(memcpyopt)')"
38,"('function(jump-threading)', 'function(memcpyopt)')"
39,"('function(mem2reg)', 'function(memcpyopt)')"
40,"('function(newgvn)', 'function(memcpyopt)')"
41,"('loop(loop-simplifycfg)', 'function(memcpyopt)')"
42,"('module(attributor)', 'function(newgvn)')"
43,"('module(scc-oz-module-inliner)', 'function(newgvn)')"
44,"('cgscc(attributor-cgscc)', 'function(newgvn)')"
45,"('function(dse)', 'function(newgvn)')"
46,"('function(jump-threading)', 'function(newgvn)')"
47,"('function(mem2reg)', 'function(newgvn)')"
48,"('function(memcpyopt)', 'function(newgvn)')"
49,"('loop(loop-simplifycfg)', 'function(newgvn)')"
50,"('module(iroutliner)', 'module(attributor)')"
51,"('module(attributor)', 'module(iroutliner)')"
52,"('module(scc-oz-module-inliner)', 'module(iroutliner)')"
53,"('cgscc(attributor-cgscc)', 'module(iroutliner)')"
54,"('function(dce)', 'module(iroutliner)')"
55,"('function(instsimplify)', 'module(iroutliner)')"
56,"('function(mem2reg)', 'module(iroutliner)')"
57,"('function(memcpyopt)', 'module(iroutliner)')"
58,"('function(newgvn)', 'module(iroutliner)')"
59,"('function(reassociate)', 'module(iroutliner)')"
60,"('module(attributor)', 'function(dce)')"
61,"('module(iroutliner)', 'function(dce)')"
62,"('module(scc-oz-module-inliner)', 'function(dce)')"
63,"('cgscc(attributor-cgscc)', 'function(dce)')"
64,"('function(jump-threading)', 'function(dce)')"
65,"('function(mem2reg)', 'function(dce)')"
66,"('function(memcpyopt)', 'function(dce)')"
67,"('function(newgvn)', 'function(dce)')"
68,"('loop(loop-simplifycfg)', 'function(dce)')"
69,"('module(attributor)', 'function(instsimplify)')"
70,"('module(iroutliner)', 'function(instsimplify)')"
71,"('module(scc-oz-module-inliner)', 'function(instsimplify)')"
72,"('cgscc(attributor-cgscc)', 'function(instsimplify)')"
73,"('function(jump-threading)', 'function(instsimplify)')"
74,"('function(mem2reg)', 'function(instsimplify)')"
75,"('function(memcpyopt)', 'function(instsimplify)')"
76,"('function(newgvn)', 'function(instsimplify)')"
77,"('loop(loop-simplifycfg)', 'function(instsimplify)')"
78,"('module(iroutliner)', 'function(jump-threading)')"
79,"('function(dce)', 'function(jump-threading)')"
80,"('function(instsimplify)', 'function(jump-threading)')"
81,"('function(reassociate)', 'function(jump-threading)')"
82,"('module(attributor)', 'function(mem2reg)')"
83,"('cgscc(attributor-cgscc)', 'function(mem2reg)')"
84,"('loop(loop-simplifycfg)', 'function(mem2reg)')"
85,"('function(dce)', 'function(memcpyopt)')"
86,"('function(instsimplify)', 'function(memcpyopt)')"
87,"('function(reassociate)', 'function(memcpyopt)')"
88,"('function(dce)', 'function(newgvn)')"
89,"('function(instsimplify)', 'function(newgvn)')"
90,"('function(newgvn)', 'function(newgvn)')"
91,"('function(reassociate)', 'function(newgvn)')"
92,"('module(attributor)', 'function(reassociate)')"
93,"('module(iroutliner)', 'function(reassociate)')"
94,"('module(scc-oz-module-inliner)', 'function(reassociate)')"
95,"('cgscc(attributor-cgscc)', 'function(reassociate)')"
96,"('function(jump-threading)', 'function(reassociate)')"
97,"('function(mem2reg)', 'function(reassociate)')"
98,"('function(memcpyopt)', 'function(reassociate)')"
99,"('function(newgvn)', 'function(reassociate)')"
100,"('loop(loop-simplifycfg)', 'function(reassociate)')"
101,"('function(gvn-hoist)', 'module(attributor)')"
102,"('function(gvn-hoist)', 'module(iroutliner)')"
103,"('function(gvn-hoist)', 'cgscc(attributor-cgscc)')"
104,"('function(gvn-hoist)', 'function(dce)')"
105,"('module(attributor)', 'function(gvn-hoist)')"
106,"('module(iroutliner)', 'function(gvn-hoist)')"
107,"('module(scc-oz-module-inliner)', 'function(gvn-hoist)')"
108,"('cgscc(attributor-cgscc)', 'function(gvn-hoist)')"
109,"('function(dce)', 'function(gvn-hoist)')"
110,"('function(instsimplify)', 'function(gvn-hoist)')"
111,"('function(jump-threading)', 'function(gvn-hoist)')"
112,"('function(mem2reg)', 'function(gvn-hoist)')"
113,"('function(memcpyopt)', 'function(gvn-hoist)')"
114,"('function(newgvn)', 'function(gvn-hoist)')"
115,"('function(reassociate)', 'function(gvn-hoist)')"
116,"('loop(loop-simplifycfg)', 'function(gvn-hoist)')"
117,"('function(gvn-hoist)', 'function(instsimplify)')"
118,"('function(gvn-hoist)', 'function(jump-threading)')"
119,"('function(gvn-hoist)', 'function(mem2reg)')"
120,"('function(gvn-hoist)', 'function(memcpyopt)')"
121,"('function(gvn-hoist)', 'function(reassociate)')"
122,"('module(attributor)', 'module(scc-oz-module-inliner)')"
123,"('cgscc(attributor-cgscc)', 'module(scc-oz-module-inliner)')"
124,"('module(elim-avail-extern)', 'module(attributor)')"
125,"('module(globalopt)', 'module(attributor)')"
126,"('function(lower-switch)', 'module(attributor)')"
127,"('module(attributor)', 'module(elim-avail-extern)')"
128,"('module(globalopt)', 'module(elim-avail-extern)')"
129,"('module(iroutliner)', 'module(elim-avail-extern)')"
130,"('module(scc-oz-module-inliner)', 'module(elim-avail-extern)')"
131,"('cgscc(attributor-cgscc)', 'module(elim-avail-extern)')"
132,"('function(dse)', 'module(elim-avail-extern)')"
133,"('function(gvn-sink)', 'module(elim-avail-extern)')"
134,"('function(jump-threading)', 'module(elim-avail-extern)')"
135,"('function(mem2reg)', 'module(elim-avail-extern)')"
136,"('function(newgvn)', 'module(elim-avail-extern)')"
137,"('module(attributor)', 'module(globalopt)')"
138,"('module(elim-avail-extern)', 'module(globalopt)')"
139,"('module(iroutliner)', 'module(globalopt)')"
140,"('module(scc-oz-module-inliner)', 'module(globalopt)')"
141,"('cgscc(attributor-cgscc)', 'module(globalopt)')"
142,"('function(dse)', 'module(globalopt)')"
143,"('function(gvn-sink)', 'module(globalopt)')"
144,"('function(jump-threading)', 'module(globalopt)')"
145,"('function(mem2reg)', 'module(globalopt)')"
146,"('function(newgvn)', 'module(globalopt)')"
147,"('module(elim-avail-extern)', 'module(iroutliner)')"
148,"('module(globalopt)', 'module(iroutliner)')"
149,"('function(dse)', 'module(iroutliner)')"
150,"('function(gvn-sink)', 'module(iroutliner)')"
151,"('function(jump-threading)', 'module(iroutliner)')"
152,"('module(elim-avail-extern)', 'module(scc-oz-module-inliner)')"
153,"('module(inferattrs)', 'module(scc-oz-module-inliner)')"
154,"('module(elim-avail-extern)', 'cgscc(attributor-cgscc)')"
155,"('module(globalopt)', 'cgscc(attributor-cgscc)')"
156,"('module(iroutliner)', 'cgscc(attributor-cgscc)')"
157,"('function(lower-switch)', 'cgscc(attributor-cgscc)')"
158,"('module(elim-avail-extern)', 'function(dse)')"
159,"('module(globalopt)', 'function(dse)')"
160,"('module(iroutliner)', 'function(dse)')"
161,"('module(attributor)', 'function(gvn-sink)')"
162,"('module(elim-avail-extern)', 'function(gvn-sink)')"
163,"('module(globalopt)', 'function(gvn-sink)')"
164,"('module(iroutliner)', 'function(gvn-sink)')"
165,"('module(scc-oz-module-inliner)', 'function(gvn-sink)')"
166,"('cgscc(attributor-cgscc)', 'function(gvn-sink)')"
167,"('function(dse)', 'function(gvn-sink)')"
168,"('function(jump-threading)', 'function(gvn-sink)')"
169,"('function(mem2reg)', 'function(gvn-sink)')"
170,"('function(newgvn)', 'function(gvn-sink)')"
171,"('loop(loop-simplifycfg)', 'function(gvn-sink)')"
172,"('module(elim-avail-extern)', 'function(jump-threading)')"
173,"('function(gvn-sink)', 'function(jump-threading)')"
174,"('module(elim-avail-extern)', 'function(mem2reg)')"
175,"('module(globalopt)', 'function(mem2reg)')"
176,"('module(elim-avail-extern)', 'function(newgvn)')"
177,"('module(globalopt)', 'function(newgvn)')"
178,"('function(gvn-sink)', 'function(newgvn)')"
