pass_name,mutation,seed_count,sample_count,original_objective_mean,mutated_objective_mean,delta_objective_mean,delta_objective_ci95_half_width,delta_objective_ci95_low,delta_objective_ci95_high,delta_objective_median,delta_objective_min,delta_objective_max,delta_mean_norm_mean,delta_worsen_rate_mean
module(scc-oz-module-inliner),delete_all,6,6,0.7273194322368215,1.4545381420080348,0.7272187097712133,0.18308532455085938,0.5441333852203539,0.9103040343220726,0.6602987775047253,0.6165034522214378,1.0701137324431604,0.6149687097712132,0.7483333333333333
module(scc-oz-module-inliner),delete_first,10,10,0.7351686713528981,1.0305520100760595,0.2953833387231614,0.2769718299170839,0.018411508806077503,0.5723551686402453,0.045588480536892184,0.001308161334158675,1.1020536655093007,0.2545833387231614,0.272
module(elim-avail-extern),delete_first,10,10,0.7351686713528981,1.002322873352782,0.26715420199988404,0.03134404845179797,0.23581015354808607,0.298498250451682,0.2787972667317981,0.19172408753758985,0.32122587621362597,0.22170420199988397,0.303
module(globalopt),delete_all,1,1,0.6683476442560772,0.8152409690614514,0.1468933248053742,0.0,0.1468933248053742,0.1468933248053742,0.1468933248053742,0.1468933248053742,0.1468933248053742,0.11839332480537423,0.19
module(globalopt),delete_first,7,7,0.7264340515451482,0.8654058229445851,0.138971771399437,0.056713649228634616,0.08225812217080239,0.19568542062807162,0.15764741278833705,0.0033333333333334103,0.18047081706480606,0.11111462854229408,0.18571428571428572
module(attributor),delete_all,1,1,0.7418239796089717,0.8581152283489097,0.11629124873993801,0.0,0.11629124873993801,0.11629124873993801,0.11629124873993801,0.11629124873993801,0.11629124873993801,0.11479124873993796,0.009999999999999995
module(iroutliner),delete_all,1,1,0.7418239796089717,0.8349447233261147,0.09312074371714296,0.0,0.09312074371714296,0.09312074371714296,0.09312074371714296,0.09312074371714296,0.09312074371714296,0.09462074371714291,-0.010000000000000002
module(iroutliner),delete_first,1,1,0.7418239796089717,0.7802643303236935,0.03844035071472174,0.0,0.03844035071472174,0.03844035071472174,0.03844035071472174,0.03844035071472174,0.03844035071472174,0.039940350714721684,-0.010000000000000002
module(attributor),delete_first,1,1,0.7418239796089717,0.7693021947936753,0.027478215184703614,0.0,0.027478215184703614,0.027478215184703614,0.027478215184703614,0.027478215184703614,0.027478215184703614,0.027478215184703614,0.0
function(gvn-hoist),delete_all,1,1,0.7902841345318173,0.8074948669185954,0.01721073238677806,0.0,0.01721073238677806,0.01721073238677806,0.01721073238677806,0.01721073238677806,0.01721073238677806,0.01721073238677806,0.0
function(mem2reg),delete_first,1,1,0.7589982001218443,0.7707756809103506,0.011777480788506378,0.0,0.011777480788506378,0.011777480788506378,0.011777480788506378,0.011777480788506378,0.011777480788506378,0.011777480788506378,0.0
function(reassociate),append_once,3,3,0.7451208061009901,0.7499381390317149,0.004817332930724838,0.006461536660009753,-0.001644203729284915,0.01127886959073459,0.005265728192460517,0.0020211664177460786,0.007165104181967918,0.0008173329307248345,0.02666666666666667
function(gvn-hoist),delete_first,1,1,0.7902841345318173,0.791759544367883,0.0014754098360656442,0.0,0.0014754098360656442,0.0014754098360656442,0.0014754098360656442,0.0014754098360656442,0.0014754098360656442,0.0014754098360656442,0.0
function(newgvn),delete_first,1,1,0.77156280574205,0.7719623242331728,0.0003995184911227412,0.0,0.0003995184911227412,0.0003995184911227412,0.0003995184911227412,0.0003995184911227412,0.0003995184911227412,0.0003995184911227412,0.0
module(elim-avail-extern),append_once,10,10,0.7351686713528981,0.7351745537058393,5.882352941188884e-06,1.3306806839439845e-05,-7.424453898250961e-06,1.918915978062873e-05,0.0,0.0,5.882352941188884e-05,5.882352941188884e-06,0.0
module(elim-avail-extern),duplicate_after_first,10,10,0.7351686713528981,0.7351745537058393,5.882352941188884e-06,1.3306806839439845e-05,-7.424453898250961e-06,1.918915978062873e-05,0.0,0.0,5.882352941188884e-05,5.882352941188884e-06,0.0
function(dce),append_once,2,2,0.7293158893939473,0.7293158893939473,0.0,0.0,0.0,0.0,0.0,0.0,0.0,0.0,0.0
function(gvn-hoist),duplicate_after_first,1,1,0.7902841345318173,0.7902841345318173,0.0,0.0,0.0,0.0,0.0,0.0,0.0,0.0,0.0
function(gvn-sink),append_once,2,2,0.7192438927271949,0.7192438927271949,0.0,0.0,0.0,0.0,0.0,0.0,0.0,0.0,0.0
function(gvn-sink),duplicate_after_first,2,2,0.7192438927271949,0.7192438927271949,0.0,0.0,0.0,0.0,0.0,0.0,0.0,0.0,0.0
function(instsimplify),append_once,2,2,0.7356532951786539,0.7356532951786539,0.0,0.0,0.0,0.0,0.0,0.0,0.0,0.0,0.0
function(jump-threading),append_once,1,1,0.704801412439076,0.704801412439076,0.0,0.0,0.0,0.0,0.0,0.0,0.0,0.0,0.0
function(mem2reg),append_once,8,8,0.7382868813867237,0.7382868813867237,0.0,0.0,0.0,0.0,0.0,0.0,0.0,0.0,0.0
function(mem2reg),duplicate_after_first,1,1,0.7589982001218443,0.7589982001218443,0.0,0.0,0.0,0.0,0.0,0.0,0.0,0.0,0.0
function(newgvn),append_once,1,1,0.77156280574205,0.77156280574205,0.0,0.0,0.0,0.0,0.0,0.0,0.0,0.0,0.0
function(newgvn),duplicate_after_first,1,1,0.77156280574205,0.77156280574205,0.0,0.0,0.0,0.0,0.0,0.0,0.0,0.0,0.0
module(attributor),duplicate_after_first,1,1,0.7418239796089717,0.7418239796089717,0.0,0.0,0.0,0.0,0.0,0.0,0.0,0.0,0.0
module(globalopt),duplicate_after_first,7,7,0.7264340515451482,0.7264340515451482,0.0,0.0,0.0,0.0,0.0,0.0,0.0,0.0,0.0
module(inferattrs),append_once,1,1,0.7096418438436655,0.7096418438436655,0.0,0.0,0.0,0.0,0.0,0.0,0.0,0.0,0.0
module(iroutliner),duplicate_after_first,1,1,0.7418239796089717,0.7416477739915898,-0.00017620561738196372,0.0,-0.00017620561738196372,-0.00017620561738196372,-0.00017620561738196372,-0.00017620561738196372,-0.00017620561738196372,-0.00017620561738196372,0.0
function(gvn-sink),delete_first,2,2,0.7192438927271949,0.7190074602955139,-0.00023643243168092187,0.05586826461238974,-0.05610469704407066,0.055631832180708815,-0.00023643243168092187,-0.004633360213927462,0.004160495350565618,-0.0017364324316809787,0.010000000000000009
module(globalopt),append_once,7,7,0.7264340515451482,0.7260667528307906,-0.0003672987143575414,0.0007577013826592661,-0.0011250000970168075,0.0003904026683017247,0.0,-0.002215384615384508,0.0,-0.0003672987143575414,0.0
module(attributor),append_once,1,1,0.7418239796089717,0.7414546985632202,-0.00036928104575151277,0.0,-0.00036928104575151277,-0.00036928104575151277,-0.00036928104575151277,-0.00036928104575151277,-0.00036928104575151277,-0.00036928104575151277,0.0
function(gvn-hoist),append_once,1,1,0.7902841345318173,0.7892907523201406,-0.0009933822116767743,0.0,-0.0009933822116767743,-0.0009933822116767743,-0.0009933822116767743,-0.0009933822116767743,-0.0009933822116767743,-0.0009933822116767743,0.0
module(iroutliner),append_once,1,1,0.7418239796089717,0.7404308978479655,-0.0013930817610062762,0.0,-0.0013930817610062762,-0.0013930817610062762,-0.0013930817610062762,-0.0013930817610062762,-0.0013930817610062762,-0.0013930817610062762,0.0
module(scc-oz-module-inliner),append_once,7,7,0.723926325178164,0.7210450701034996,-0.0028812550746644128,0.006673164965926485,-0.009554420040590898,0.0037919098912620724,0.0,-0.019236666776510924,0.0,-0.002024112217521555,-0.005714285714285713
module(scc-oz-module-inliner),duplicate_after_first,10,10,0.7351686713528981,0.7320856523512289,-0.003083019001669163,0.002858300067786215,-0.005941319069455378,-0.00022471893388294802,-0.0012514430014430311,-0.009928247619077513,0.0011026300018440738,-0.0029330190016691573,-0.0009999999999999996
